MHS 0,TenHS 0,hs.Diem,HinhAnh 0,DiaChi 0,GhiChu 0
MHS 1,TenHS 1,hs.Diem,HinhAnh 1,DiaChi 1,GhiChu 1
MHS 2,TenHS 2,hs.Diem,HinhAnh 2,DiaChi 2,GhiChu 2
MHS 3,TenHS 3,hs.Diem,HinhAnh 3,DiaChi 3,GhiChu 3
MHS 4,TenHS 4,hs.Diem,HinhAnh 4,DiaChi 4,GhiChu 4
MHS 5,TenHS 5,hs.Diem,HinhAnh 5,DiaChi 5,GhiChu 5
MHS 6,TenHS 6,hs.Diem,HinhAnh 6,DiaChi 6,GhiChu 6
MHS 7,TenHS 7,hs.Diem,HinhAnh 7,DiaChi 7,GhiChu 7
MHS 8,TenHS 8,hs.Diem,HinhAnh 8,DiaChi 8,GhiChu 8
MHS 9,TenHS 9,hs.Diem,HinhAnh 9,DiaChi 9,GhiChu 9
MHS 10,TenHS 10,hs.Diem,HinhAnh 10,DiaChi 10,GhiChu 10
MHS 11,TenHS 11,hs.Diem,HinhAnh 11,DiaChi 11,GhiChu 11
MHS 12,TenHS 12,hs.Diem,HinhAnh 12,DiaChi 12,GhiChu 12
MHS 13,TenHS 13,hs.Diem,HinhAnh 13,DiaChi 13,GhiChu 13
MHS 14,TenHS 14,hs.Diem,HinhAnh 14,DiaChi 14,GhiChu 14
MHS 15,TenHS 15,hs.Diem,HinhAnh 15,DiaChi 15,GhiChu 15
MHS 16,TenHS 16,hs.Diem,HinhAnh 16,DiaChi 16,GhiChu 16
MHS 17,TenHS 17,hs.Diem,HinhAnh 17,DiaChi 17,GhiChu 17
MHS 18,TenHS 18,hs.Diem,HinhAnh 18,DiaChi 18,GhiChu 18
MHS 19,TenHS 19,hs.Diem,HinhAnh 19,DiaChi 19,GhiChu 19
